{
  "generated_at": "2026-05-17T15:14:24.204109+00:00",
  "model_version": "6",
  "model_uri": "models:/cmapss-rul@production",
  "training_set_size": 14459,
  "prediction_stats": {
    "mean": 82.34758758544922,
    "std": 40.65507507324219,
    "min": 0.9913648962974548,
    "max": 127.3521957397461,
    "median": 98.64703369140625,
    "q25": 45.65062141418457,
    "q75": 119.11711502075195
  },
  "histogram": {
    "buckets": [
      0,
      25,
      50,
      75,
      100,
      125,
      150,
      175,
      200,
      250,
      300,
      400,
      500
    ],
    "counts": [
      1980,
      1958,
      1551,
      1881,
      6660,
      429,
      0,
      0,
      0,
      0,
      0,
      0
    ]
  }
}